{
    "loss": 4.232585430145264,
    "accuracy": 0.43884891271591187
}