{
    "loss": 56.15828323364258,
    "accuracy": 0.48201438784599304
}